,users,msgs,word_count
0,Prafull,reel,0
1,Harsh,ðððð,1
2,Prafull,"Bolte he na upervala sab dekh rha he, wo uper wala mark zucker hi he",15
3,Harsh,Areee ye insta bhadwa h sab sunta h ð,9
4,Prafull,@harsh_12022 dekh lavde bas baate krne se reel aani lag gyi,0
5,Prafull,reel,0
6,Prafull,reel,0
7,Om,reel,0
8,Harsh,ðð,1
9,ððªð¨ððð£ð©,ðððð,1
10,Prafull,ððððððððð,1
11,Prafull,media,0
12,ððªð¨ððð£ð©,Pehle hi dark hai aur kitna karega ðð,8
13,Harsh,Om me toh nhi sehta ðð,6
14,Harsh,ð¤£ð¤£ð¤£ð¤£,1
15,Prafull,Dark humour ðð,3
16,ððªð¨ððð£ð©,ðð,1
17,ððªð¨ððð£ð©,reel,0
18,Prafull,reel,0
19,ððªð¨ððð£ð©,sushant_patil_03 à¤¯à¤¾à¤à¤¨à¥ à¤¤à¥à¤®à¤à¥à¤¯à¤¾ à¤®à¥à¤¸à¥à¤  à¤²à¤¾ ð à¤à¤¶à¥ à¤ªà¥à¤°à¤¤à¤¿à¤à¥à¤°à¤¿à¤¯à¤¾ à¤¦à¤¿à¤²à¥,10
20,Prafull,reel,0
21,Prafull,reel,0
22,ððªð¨ððð£ð©,Coding sikhlo guyz,3
23,ððªð¨ððð£ð©,reel,0
24,ððªð¨ððð£ð©,reel,0
25,ððªð¨ððð£ð©,@ meet jain,3
26,ððªð¨ððð£ð©,reel,0
27,ððªð¨ððð£ð©,reel,0
28,Prafull,reel,0
29,Prafull,reel,0
30,Harsh,reel,0
31,Prafull,Comments me 4 chal rha heðð,6
32,ððªð¨ððð£ð©,media,0
33,ððªð¨ððð£ð©,reel,0
34,ððªð¨ððð£ð©,sushant_patil_03 à¤¯à¤¾à¤à¤¨à¥ à¤¤à¥à¤®à¤à¥à¤¯à¤¾ à¤®à¥à¤¸à¥à¤  à¤²à¤¾ ð à¤à¤¶à¥ à¤ªà¥à¤°à¤¤à¤¿à¤à¥à¤°à¤¿à¤¯à¤¾ à¤¦à¤¿à¤²à¥,10
35,Prafull,reel,0
36,ððªð¨ððð£ð©,media,0
37,Om,reel,0
38,Prafull,reel,0
39,ððªð¨ððð£ð©,reel,0
40,ððªð¨ððð£ð©,sushant_patil_03 à¤¯à¤¾à¤à¤¨à¥ à¤¤à¥à¤®à¤à¥à¤¯à¤¾ à¤®à¥à¤¸à¥à¤  à¤²à¤¾ ð à¤à¤¶à¥ à¤ªà¥à¤°à¤¤à¤¿à¤à¥à¤°à¤¿à¤¯à¤¾ à¤¦à¤¿à¤²à¥,10
41,Prafull,reel,0
42,Harsh,harsh_12022 à¤¯à¤¾à¤à¤¨à¥ à¤¤à¥à¤®à¤à¥à¤¯à¤¾ à¤®à¥à¤¸à¥à¤  à¤²à¤¾ ð à¤à¤¶à¥ à¤ªà¥à¤°à¤¤à¤¿à¤à¥à¤°à¤¿à¤¯à¤¾ à¤¦à¤¿à¤²à¥,10
43,Prafull,media,0
44,Athrav,kyun bhai,2
45,ððªð¨ððð£ð©,reel,0
46,Aniket,reel,0
47,Aniket,reel,0
48,Aniket,reel,0
49,Prafull,Reality checkâï¸,2
50,Om,reel,0
51,Om,reel,0
52,Om,reel,0
53,Prafull,reel,0
54,Prafull,reel,0
55,Om,reel,0
56,Om,reel,0
57,Om,reel,0
58,Harsh,reel,0
59,Harsh,reel,0
60,Prafull,reel,0
61,Prafull,reel,0
62,Om,reel,0
63,Prafull,reel,0
64,Prafull,reel,0
65,Harsh,reel,0
66,Prafull,Rocket singhð¦,2
67,Prafull,reel,0
68,Prafull,reel,0
69,Prafull,reel,0
70,Harsh,ðð,1
71,Prafull,Eyes closeðððð,2
72,ððªð¨ððð£ð©,reel,0
73,Harsh,reel,0
74,Harsh,harsh_12022 à¤¯à¤¾à¤à¤¨à¥ à¤¤à¥à¤®à¤à¥à¤¯à¤¾ à¤®à¥à¤¸à¥à¤  à¤²à¤¾ ð à¤à¤¶à¥ à¤ªà¥à¤°à¤¤à¤¿à¤à¥à¤°à¤¿à¤¯à¤¾ à¤¦à¤¿à¤²à¥,10
75,ððªð¨ððð£ð©,reel,0
76,Prafull,reel,0
77,Prafull,Are bench....,2
78,ððªð¨ððð£ð©,sushant_patil_03 à¤¯à¤¾à¤à¤¨à¥ à¤¤à¥à¤®à¤à¥à¤¯à¤¾ à¤®à¥à¤¸à¥à¤  à¤²à¤¾ ð à¤à¤¶à¥ à¤ªà¥à¤°à¤¤à¤¿à¤à¥à¤°à¤¿à¤¯à¤¾ à¤¦à¤¿à¤²à¥,10
79,ððªð¨ððð£ð©,sushant_patil_03 à¤¯à¤¾à¤à¤¨à¥ à¤¤à¥à¤®à¤à¥à¤¯à¤¾ à¤®à¥à¤¸à¥à¤  à¤²à¤¾ ð¢ à¤à¤¶à¥ à¤ªà¥à¤°à¤¤à¤¿à¤à¥à¤°à¤¿à¤¯à¤¾ à¤¦à¤¿à¤²à¥,10
80,ððªð¨ððð£ð©,sushant_patil_03 à¤¯à¤¾à¤à¤¨à¥ à¤¤à¥à¤®à¤à¥à¤¯à¤¾ à¤®à¥à¤¸à¥à¤  à¤²à¤¾ ð à¤à¤¶à¥ à¤ªà¥à¤°à¤¤à¤¿à¤à¥à¤°à¤¿à¤¯à¤¾ à¤¦à¤¿à¤²à¥,10
81,ððªð¨ððð£ð©,sushant_patil_03 à¤¯à¤¾à¤à¤¨à¥ à¤®à¥à¤¸à¥à¤ à¤²à¤¾à¤à¤ à¤à¥à¤²à¤¾,5
82,ððªð¨ððð£ð©,sushant_patil_03 à¤¯à¤¾à¤à¤¨à¥ à¤¤à¥à¤®à¤à¥à¤¯à¤¾ à¤®à¥à¤¸à¥à¤  à¤²à¤¾ ð à¤à¤¶à¥ à¤ªà¥à¤°à¤¤à¤¿à¤à¥à¤°à¤¿à¤¯à¤¾ à¤¦à¤¿à¤²à¥,10
83,ððªð¨ððð£ð©,sushant_patil_03 à¤¯à¤¾à¤à¤¨à¥ à¤¤à¥à¤®à¤à¥à¤¯à¤¾ à¤®à¥à¤¸à¥à¤  à¤²à¤¾ ð® à¤à¤¶à¥ à¤ªà¥à¤°à¤¤à¤¿à¤à¥à¤°à¤¿à¤¯à¤¾ à¤¦à¤¿à¤²à¥,10
84,Harsh,reel,0
85,Prafull,reel,0
86,Prafull,reel,0
87,Prafull,reel,0
88,Prafull,reel,0
89,Prafull,reel,0
90,Prafull,reel,0
91,Prafull,reel,0
92,Prafull,reel,0
93,ððªð¨ððð£ð©,sushant_patil_03 à¤¯à¤¾à¤à¤¨à¥ à¤®à¥à¤¸à¥à¤ à¤²à¤¾à¤à¤ à¤à¥à¤²à¤¾,5
94,Prafull,reel,0
95,Prafull,Ha na bcð¥ºð¥º,3
96,ððªð¨ððð£ð©,reel,0
97,Prafull,reel,0
98,Harsh,Revenge complete ð¯,3
99,Harsh,reel,0
100,Harsh,reel,0
101,Om,reel,0
102,Om,reel,0
103,Prafull,reel,0
104,ððªð¨ððð£ð©,reel,0
105,Harsh,reel,0
106,ððªð¨ððð£ð©,sushant_patil_03 à¤¯à¤¾à¤à¤¨à¥ à¤¤à¥à¤®à¤à¥à¤¯à¤¾ à¤®à¥à¤¸à¥à¤  à¤²à¤¾ ð à¤à¤¶à¥ à¤ªà¥à¤°à¤¤à¤¿à¤à¥à¤°à¤¿à¤¯à¤¾ à¤¦à¤¿à¤²à¥,10
107,ððªð¨ððð£ð©,sushant_patil_03 à¤¯à¤¾à¤à¤¨à¥ à¤®à¥à¤¸à¥à¤ à¤²à¤¾à¤à¤ à¤à¥à¤²à¤¾,5
108,Prafull,reel,0
109,Prafull,reel,0
110,ððªð¨ððð£ð©,reel,0
111,Harsh,reel,0
112,Om,reel,0
113,Om,reel,0
114,Prafull,reel,0
115,Prafull,reel,0
116,Harsh,reel,0
117,Harsh,reel,0
118,Prafull,Riyal,1
119,Om,reel,0
120,Om,reel,0
121,Om,reel,0
122,Harsh,reel,0
123,Om,reel,0
124,Om,reel,0
125,Prafull,*404 NOT FOUND,3
126,ððªð¨ððð£ð©,Haha ðð¤£,2
127,Prafull,reel,0
128,ððªð¨ððð£ð©,So ja lodu,3
129,Om,reel,0
130,Om,reel,0
131,Harsh,harsh_12022 à¤¯à¤¾à¤à¤¨à¥ à¤¤à¥à¤®à¤à¥à¤¯à¤¾ à¤®à¥à¤¸à¥à¤  à¤²à¤¾ ð à¤à¤¶à¥ à¤ªà¥à¤°à¤¤à¤¿à¤à¥à¤°à¤¿à¤¯à¤¾ à¤¦à¤¿à¤²à¥,10
132,Prafull,reel,0
133,Prafull,reel,0
134,Harsh,reel,0
135,ððªð¨ððð£ð©,That's why I failed ð±ð,5
136,Prafull,reel,0
137,ððªð¨ððð£ð©,sushant_patil_03 à¤¯à¤¾à¤à¤¨à¥ à¤¤à¥à¤®à¤à¥à¤¯à¤¾ à¤®à¥à¤¸à¥à¤  à¤²à¤¾ ð¤£ à¤à¤¶à¥ à¤ªà¥à¤°à¤¤à¤¿à¤à¥à¤°à¤¿à¤¯à¤¾ à¤¦à¤¿à¤²à¥,10
138,Prafull,reel,0
139,Aniket,reel,0
140,Om,reel,0
141,Prafull,"Krenge, he bhi krengeðð",4
142,ððªð¨ððð£ð©,Humlog kb ?,3
143,ððªð¨ððð£ð©,reel,0
144,ððªð¨ððð£ð©,sushant_patil_03 à¤¯à¤¾à¤à¤¨à¥ à¤®à¥à¤¸à¥à¤ à¤²à¤¾à¤à¤ à¤à¥à¤²à¤¾,5
145,Harsh,reel,0
146,Prafull,media,0
147,ððªð¨ððð£ð©,media,0
148,Harsh,Mithu ki maa ki chu.....ð¤¬,5
149,Harsh,reel,0
150,Om,reel,0
151,Om,reel,0
152,Om,reel,0
153,Om,reel,0
154,Harsh,reel,0
155,Prafull,Abhi nahi bhaið¥ºð¥ºð¥º,3
156,Prafull,ððððð,1
157,Harsh,reel,0
158,Harsh,Chup hoja bkl,3
159,ððªð¨ððð£ð©,Are wo to virattt ..,5
160,ððªð¨ððð£ð©,sushant_patil_03 à¤¯à¤¾à¤à¤¨à¥ à¤¤à¥à¤®à¤à¥à¤¯à¤¾ à¤®à¥à¤¸à¥à¤  à¤²à¤¾ ð¤¡ à¤à¤¶à¥ à¤ªà¥à¤°à¤¤à¤¿à¤à¥à¤°à¤¿à¤¯à¤¾ à¤¦à¤¿à¤²à¥,10
161,Prafull,Mat bol isne tera nnn toda,6
162,ððªð¨ððð£ð©,reel,0
163,ððªð¨ððð£ð©,+1,1
164,Harsh,+1,1
165,Prafull,Bhai me to na sehtað,5
166,Harsh,Atharv left the chat after this ð,7
167,ððªð¨ððð£ð©,reel,0
168,Prafull,Shitttt bhaiðð,2
169,Harsh,Are bc ð¤£ð¤£ð¤£ð¤£,3
170,ððªð¨ððð£ð©,media,0
171,Athrav,aaine main shakl dekhi hain kabhi?,6
172,Prafull,reel,0
173,Harsh,Hum tujhe rota nhi dekh sakte the bhai isliye nhi gift kiya ð¥ºð¥ºð¥º,13
174,ððªð¨ððð£ð©,I was expecting this from u guys ð,8
175,ððªð¨ððð£ð©,reel,0
176,Om,reel,0
177,Prafull,reel,0
178,Prafull,reel,0
179,Om,reel,0
180,Harsh,harsh_12022 à¤¯à¤¾à¤à¤¨à¥ à¤¤à¥à¤®à¤à¥à¤¯à¤¾ à¤®à¥à¤¸à¥à¤  à¤²à¤¾ ð à¤à¤¶à¥ à¤ªà¥à¤°à¤¤à¤¿à¤à¥à¤°à¤¿à¤¯à¤¾ à¤¦à¤¿à¤²à¥,10
181,Prafull,reel,0
182,Aniket,Bhai sushant ko yad aa rahi thi teri,8
183,Athrav,Thank u bhai,3
184,Aniket,_aniketyeole_ à¤¯à¤¾à¤à¤¨à¥ Athrav à¤¯à¤¾à¤à¤¨à¤¾ à¤¸à¤®à¥à¤¹à¤¾à¤¤ à¤à¥à¤¡à¤²à¥.,6
185,ððªð¨ððð£ð©,ð¥ºð¥ºð­ð­,1
186,Prafull,reel,0
187,Prafull,reel,0
188,Prafull,reel,0
189,Prafull,reel,0
190,Prafull,media,0
191,Harsh,Missing atharv ð¥º,3
192,Harsh,reel,0
193,Harsh,ð¤£ð¤£,1
194,ððªð¨ððð£ð©,Om bhai sakshi vahini se baat krne me busy hai ð¥°,11
195,Harsh,@om_sonawane_24_,1
196,Harsh,reel,0
197,Harsh,reel,0
198,Harsh,reel,0
199,Harsh,media,0
200,ððªð¨ððð£ð©,Witch ð¤¨ð¸,2
201,Harsh,reel,0
202,Harsh,reel,0
203,Prafull,reel,0
204,Prafull,reel,0
205,Harsh,media,0
206,Om,reel,0
207,Om,reel,0
208,ððªð¨ððð£ð©,reel,0
209,Om,Just confirmed ð,3
210,Om,7.30 fix zaly by aniket,5
211,ððªð¨ððð£ð©,7:30,1
212,Om,Ha,1
213,Prafull,Time batao??,2
214,ððªð¨ððð£ð©,Phir thik hai ð¥°,4
215,Aniket,Me de dunga uske hisse ka,6
216,Aniket,What,1
217,ððªð¨ððð£ð©,Bc,1
218,Aniket,Fukta,1
219,Aniket,Anurag aahe mazya sobat,4
220,Om,Br,1
221,Om,Aaj final mg,3
222,Aniket,I am ready,3
223,ððªð¨ððð£ð©,@_aniketyeole_ isn't ready,3
224,ððªð¨ððð£ð©,I don't have any issues,5
225,Om,Ghan nka kru,3
226,Om,Aaj fix na party,4
227,Prafull,reel,0
228,Prafull,reel,0
229,Prafull,reel,0
230,Om,reel,0
231,ððªð¨ððð£ð©,ððªð¨ððð£ð© ððð©ðð¡ à¤¯à¤¾à¤à¤¨à¥ à¤¤à¥à¤®à¥à¤¹à¤¾à¤²à¤¾ à¤¸à¤®à¥à¤¹à¤¾à¤¤ à¤à¥à¤¡à¤²à¥.,6
232,ððªð¨ððð£ð©,ððªð¨ððð£ð© ððð©ðð¡ à¤¨à¥ à¤à¤ªà¤²à¥à¤¯à¤¾à¤²à¤¾ à¤¸à¤®à¥à¤¹à¤¾à¤®à¤§à¥à¤¨ à¤à¤¾à¤¢à¥à¤¨ à¤à¤¾à¤à¤²à¥.,7
233,ððªð¨ððð£ð©,sushant_patil_03à¤¨à¥ Athravà¤²à¤¾ à¤¸à¤®à¥à¤¹à¤¾à¤¤à¥à¤¨ à¤à¤¾à¤¢à¤²à¥.,4
234,Aniket,Jyada hasi aari kharghosh ko,5
235,Harsh,ð¤£ð¤£,1
236,Aniket,ð,1
237,Om,ð¤£ð¤£ð¤£ð¤£ð¤£ð¤£ð¤£ð¤£,1
238,Prafull,"Tyala condom chi chinta, gand marayachi nahið",7
239,Om,Sarkari milt,2
240,Om,Sushant la vichar,3
241,Aniket,Tera kon betha hai bhai 3 rupayala condom denara manufacturing cost high aahe tya peksha,15
242,Om,reel,0
243,ððªð¨ððð£ð©,sushant_patil_03 à¤¯à¤¾à¤à¤¨à¥ à¤¤à¥à¤®à¤à¥à¤¯à¤¾ à¤®à¥à¤¸à¥à¤  à¤²à¤¾ ð à¤à¤¶à¥ à¤ªà¥à¤°à¤¤à¤¿à¤à¥à¤°à¤¿à¤¯à¤¾ à¤¦à¤¿à¤²à¥,10
244,Harsh,harsh_12022 à¤¯à¤¾à¤à¤¨à¥ à¤¤à¥à¤®à¤à¥à¤¯à¤¾ à¤®à¥à¤¸à¥à¤  à¤²à¤¾ ð à¤à¤¶à¥ à¤ªà¥à¤°à¤¤à¤¿à¤à¥à¤°à¤¿à¤¯à¤¾ à¤¦à¤¿à¤²à¥,10
245,Om,om_sonawane_24_ à¤¯à¤¾à¤à¤¨à¥ à¤¤à¥à¤®à¤à¥à¤¯à¤¾ à¤®à¥à¤¸à¥à¤  à¤²à¤¾ ð à¤à¤¶à¥ à¤ªà¥à¤°à¤¤à¤¿à¤à¥à¤°à¤¿à¤¯à¤¾ à¤¦à¤¿à¤²à¥,10
246,Prafull,Amg mg aankhi 1 rupaya taaku aahe 3rs ch comdom tychya gandit taku,13
247,Om,For your party me too vegetarian,6
248,Aniket,Am vegetarian,2
249,Om,Hotel,1
250,Aniket,Kuthe,1
251,Om,Lavdyana,1
252,Om,Direct gheun jau,3
253,Om,Kashala vicharaych,2
254,Om,Te bhikari 2rs ch mhantil,5
255,Prafull,Bc tumche budget saanga mg decide kru me tr mhantoy,10
256,Om,Medical vrun chanda uchal aani ye,6
257,Om,Simple ghal tuja gadit,4
258,ððªð¨ððð£ð©,I can understand all you guys' feelings but I think this is best for all,15
259,Prafull,"Hech ka sale, tikde bc ek shabda ho bolun dile asashil party saathi ithe itka bhav kahatoy",17
260,Om,Dukan wala,2
261,Om,Bs be,2
262,Aniket,Bhai Jo milega wo Lelo warna sushant se jyada me kanjus hu warna vo bhi nahi milegi,17
263,Om,We think you need  a gang bang from us,10
264,Aniket,I think you don't want to party,7
265,Om,Same in my mind,4
266,Om,Bol be budget,3
267,Harsh,media,0
268,Om,You boyy,2
269,Aniket,Aata lagech deto,3
270,Aniket,Tula pahije ka,3
271,Om,Tula mg tr goo poli ch dyeel mi ðððð,9
272,Aniket,Woh bhi jada hai,4
273,Prafull,Dikha de apni,3
274,Prafull,Tech na bc,3
275,Om,Dikha di aukaat,3
276,Om,AAni ikde gand fatat ahe,5
277,Aniket,2 rupees,2
278,Om,Tidke 3k ghatle ahe pune chya frds la,8
279,Prafull,Fakt tuz saang,3
280,Om,Seperate budget bola,3
281,Prafull,Sang na be lodu @_aniketyeole_,5
282,Om,Budget doghanch,2
283,Om,Bola be,2
284,Prafull,Ek paise kiti mhanata te pahu de mla aadhi,9
285,Aniket,What,1
286,Om,Deu na tech,3
287,Prafull,Thamb,1
288,Aniket,Ye kab huva,3
289,Prafull,Lawde paise bata @_aniketyeole_,4
290,Om,Final last proposal,3
291,Harsh,Okay Bhai mt kro kiss sorry ð,7
292,Om,Dekh bhai,2
293,Aniket,Tuze party chaiye ya nahi,5
294,Prafull,@_aniketyeole_ kiti chi denaar party?? Budger,6
295,Harsh,Haa kiss karlo ð,4
296,Harsh,Haa hum logo ko bimar padne ka dar nhi h bhai tum log srif apni apni party ke khane aana hum dono ke party me aayege ð,27
297,ððªð¨ððð£ð©,Bhaiii bs tu hi ð­ð­ð¥¹ð¥¹,5
298,Om,Hai hai haiiiiiii,3
299,Aniket,Vote karne ki jarurat kya hai,6
300,Aniket,Bahar ka khana khane se bimar padne ki smbhavana jyada hoti hai isliye only one party,16
301,Harsh,Vote karlete h bhai fir Jo decide hoga usko mana mt karna,12
302,Om,Ghanta,1
303,Aniket,Logic hai na bhai,4
304,Harsh,ð¤£ð¤£ð¤£,1
305,Om,Sobat party madhe kuth logic ahe,6
306,Om,ð¤£ð¤£ð¤£ð¤£,1
307,ððªð¨ððð£ð©,Ye kya logic bc,4
308,Harsh,Iam ready,2
309,Om,Tula koni vicharl ka re,5
310,Prafull,Wo bhi bina grip,4
311,Aniket,Deu tar doghi sobat nahi tar nahi,7
312,Om,Gaditch bat taku bc,4
313,Harsh,Toh toh kabse decided tha ð¤£ð¤£,6
314,Prafull,Chala BL palace,3
315,Om,Tuja yala to nahi,4
316,Om,Sushant chya partyy la tu nahi,6
317,Harsh,Ek dhokebaaz baitha h na isliye pucha,7
318,Aniket,Bar,1
319,Om,Tu pn ikde nkko yeu,5
320,Aniket,Nako yeu,2
321,Om,Aaj fix hai,3
322,Harsh,Bhai jaldi fix kro,4
323,Harsh,harsh_12022 à¤¯à¤¾à¤à¤¨à¥ à¤¤à¥à¤®à¤à¥à¤¯à¤¾ à¤®à¥à¤¸à¥à¤  à¤²à¤¾ ð à¤à¤¶à¥ à¤ªà¥à¤°à¤¤à¤¿à¤à¥à¤°à¤¿à¤¯à¤¾ à¤¦à¤¿à¤²à¥,10
324,Prafull,J1,1
325,Om,Nigh be,2
326,ððªð¨ððð£ð©,Cricket khelu re party madhe Kay thevlay,7
327,Harsh,Agreed ðð¯,2
328,Om,Aaj pahije bs,3
329,Om,Sushant nahi tr anikat chi,5
330,Om,18 la koni nahi ikde,5
331,Prafull,Mg re bho,3
332,Om,Aaj fix ahe na party,5
333,Harsh,Me bhuka rhe jauga ð,5
334,Harsh,Bakchodi mt kar Bhai me toh veg hu but om aur prafull kya pta thujhe hi fry karke khalene ðð,20
335,Harsh,ðð,1
336,Prafull,"No street food, golden cafe la chala",7
337,ððªð¨ððð£ð©,Simple party le lo street food khayenge aacha,8
338,Prafull,Bruhh dhokha beee,3
339,ððªð¨ððð£ð©,Kyu lut rhe ho hum bicharo ko ð­ð­ð­ paisa nahi hai bhayyy,12
340,ððªð¨ððð£ð©,No way man,3
341,Prafull,Bsdk aaj hoga jo bhi hoga wo,7
342,ððªð¨ððð£ð©,Kuch backchodi nhai Hui party cancel hui,7
343,Prafull,"Googd morning, me thoda jyaada jya so gya itni bakchodi ho gyi",12
344,Om,Just follow us,3
345,Om,We are here to help you,6
346,ððªð¨ððð£ð©,I am weak in dijkstra's algo sry ð,8
347,ððªð¨ððð£ð©,@om_sonawane_24_ @just_prafull for you,4
348,ððªð¨ððð£ð©,reel,0
349,Om,Find a way,3
350,ððªð¨ððð£ð©,No way man,3
351,Om,Aani gavala jata,3
352,Om,Nantr diwali hote suru,4
353,Om,Aamhala aaj ch pahije,4
354,ððªð¨ððð£ð©,Mg aahe ajun time ... Sangun taka cancel jhali party asa,11
355,Om,Jaychy aaj,2
356,Om,Aamhi sangun taklay .. ghari aaj j1 nahi ratri tr,10
357,Om,Kiti khot bolshil,3
358,Om,Mr be,2
359,ððªð¨ððð£ð©,Iamnt available today,3
360,Om,18 la aamhi nahiy ikde,5
361,Om,Lavda,1
362,Om,Aaj ch ahe bhau,4
363,ððªð¨ððð£ð©,Cancel krun taku,3
364,ððªð¨ððð£ð©,Nahitr ek kaam kra,4
365,Aniket,18 november fixed,3
366,Om,Tu nko yeu.. yek kaam kr ð,7
367,Om,Te kr kahi pn,4
368,Aniket,Lavayla Gela phone,3
369,Harsh,ð¤£ð¤£ð¤£ð¤£,1
370,Om,Yaychy tr ye ð¤£ð¤£,4
371,Om,@_aniketyeole_ tu lav kuthe pn phone,6
372,Om,Party seperate ch hoeeel,4
373,Om,Khry ka pn,3
374,Om,Aaichya gavat,2
375,Harsh,Bhai apni baat sunke kya kardiya dekho ððð,8
376,Harsh,reel,0
377,Prafull,just-for-fun-nine.vercel.app,1
378,Harsh,reel,0
379,Harsh,Bhai vo easy hota h,5
380,Harsh,ððð,1
381,Prafull,"""Paper ki ek raat pehele sabse best padhai hoti he""

~avg btech student",12
382,Harsh,Padhna h yaar exams h ð­,6
383,Prafull,5 baje aao sab log chup chap,7
384,Harsh,Tu bta bhai fir,4
385,Prafull,Clg ground,2
386,Prafull,Raat me hi khel le,5
387,Om,Kuthe khelnary ?,3
388,Harsh,5.30 ya 6,3
389,Prafull,Time??,1
390,Harsh,Muh me le aur chup baith,6
391,ððªð¨ððð£ð©,Tujhe bataya ?,3
392,Harsh,Tujhse pucha ?,3
393,Harsh,Call karna nikalne se phele,5
394,Harsh,Pehle mere ghr aana fir saath jayenge,7
395,Om,Mr be tuu,3
396,Aniket,Ho,1
397,Prafull,Ho ka thik aahe,4
398,Aniket,Aare Diwali ki kharedi karne Jana hai,7
399,Prafull,Why,1
400,Aniket,Me nahi aara aaj,4
401,Prafull,Kirket ððkhelenge,2
402,Prafull,Ewwww,1
403,Om,Ground la sandhyakali ??,4
404,Om,Aaloy yeole n mi pachora la,6
405,Prafull,reel,0
406,Om,reel,0
407,Harsh,reel,0
408,Om,om_sonawane_24_ à¤¯à¤¾à¤à¤¨à¥ à¤¤à¥à¤®à¤à¥à¤¯à¤¾ à¤®à¥à¤¸à¥à¤  à¤²à¤¾ ð à¤à¤¶à¥ à¤ªà¥à¤°à¤¤à¤¿à¤à¥à¤°à¤¿à¤¯à¤¾ à¤¦à¤¿à¤²à¥,10
409,ððªð¨ððð£ð©,Lmao ð­ð,2
410,Prafull,"Prompt tayar kr, apan jinnie train kruð¿ð¿",7
411,ððªð¨ððð£ð©,Ok lemme think,3
412,Prafull,Only 1 left,3
413,ððªð¨ððð£ð©,Nooooo ð­ð­ð­,2
414,Prafull,*Wish granted,2
415,Prafull,media,0
416,ððªð¨ððð£ð©,Next wish pink pussy,4
417,ððªð¨ððð£ð©,sushant_patil_03 à¤¯à¤¾à¤à¤¨à¥ à¤¤à¥à¤®à¤à¥à¤¯à¤¾ à¤®à¥à¤¸à¥à¤  à¤²à¤¾ ð­ à¤à¤¶à¥ à¤ªà¥à¤°à¤¤à¤¿à¤à¥à¤°à¤¿à¤¯à¤¾ à¤¦à¤¿à¤²à¥,10
418,Om,om_sonawane_24_ à¤¯à¤¾à¤à¤¨à¥ à¤¤à¥à¤®à¤à¥à¤¯à¤¾ à¤®à¥à¤¸à¥à¤  à¤²à¤¾ ð à¤à¤¶à¥ à¤ªà¥à¤°à¤¤à¤¿à¤à¥à¤°à¤¿à¤¯à¤¾ à¤¦à¤¿à¤²à¥,10
419,Prafull,reel,0
420,Om,reel,0
421,ððªð¨ððð£ð©,sushant_patil_03 à¤¯à¤¾à¤à¤¨à¥ à¤¤à¥à¤®à¤à¥à¤¯à¤¾ à¤®à¥à¤¸à¥à¤  à¤²à¤¾ ð à¤à¤¶à¥ à¤ªà¥à¤°à¤¤à¤¿à¤à¥à¤°à¤¿à¤¯à¤¾ à¤¦à¤¿à¤²à¥,10
422,Prafull,Bgm beeeð,2
423,ððªð¨ððð£ð©,reel,0
424,Om,reel,0
425,Om,reel,0
426,Harsh,reel,0
427,Aniket,reel,0
428,Aniket,reel,0
429,Prafull,Bro has point thoð¥¶,4
430,Om,reel,0
431,Om,reel,0
432,Om,reel,0
433,ððªð¨ððð£ð©,sushant_patil_03 à¤¯à¤¾à¤à¤¨à¥ à¤®à¥à¤¸à¥à¤ à¤²à¤¾à¤à¤ à¤à¥à¤²à¤¾,5
434,Harsh,reel,0
435,Prafull,reel,0
436,Prafull,reel,0
437,Prafull,reel,0
438,Harsh,reel,0
439,Harsh,May I have your attention please âï¸,7
440,Harsh,reel,0
441,Harsh,reel,0
442,Harsh,reel,0
443,Harsh,Ayein ð³,2
444,Om,reel,0
445,Om,reel,0
446,Om,reel,0
447,Harsh,reel,0
448,Harsh,ð¤£ð¤£ð¤£ð¤£,1
449,Prafull,Kaafi galat video dekhne lga he bhai tu aaj kalððð,10
450,Harsh,reel,0
451,Harsh,harsh_12022 à¤¯à¤¾à¤à¤¨à¥ à¤®à¥à¤¸à¥à¤ à¤²à¤¾à¤à¤ à¤à¥à¤²à¤¾,5
452,Om,reel,0
453,Harsh,reel,0
454,Prafull,reel,0
455,Prafull,reel,0
456,Prafull,reel,0
457,Om,ð¤£ð¤£ð¤£,1
458,Harsh,*party,1
459,Harsh,Aree tension mt dono ki lege ðð,7
460,Om,Btw suhsya aur aniket se 2 seperate party leni hai,10
461,Om,Are yr kya bolu ab mid sem ke baad bhi practices rakh diye,13
462,Harsh,Thoda jaldi aaja Bhai,4
463,Harsh,harsh_12022 à¤¯à¤¾à¤à¤¨à¥ à¤®à¥à¤¸à¥à¤ à¤²à¤¾à¤à¤ à¤à¥à¤²à¤¾,5
464,Om,om_sonawane_24_ à¤¯à¤¾à¤à¤¨à¥ à¤®à¥à¤¸à¥à¤ à¤²à¤¾à¤à¤ à¤à¥à¤²à¤¾,5
465,Om,Mi 7 chya aas pass yeto,6
466,Prafull,Baaki kadhi yetay,3
467,Prafull,"I'm Home, bitchessssð¤",3
468,Prafull,reel,0
469,Om,Perfecto ðððð,2
470,Harsh,Bhai apan sab ki baat horhi h shyad ð¤ð¤ð¤,9
471,Harsh,reel,0
472,Om,reel,0
473,Aniket,reel,0
474,Aniket,reel,0
475,Harsh,harsh_12022 à¤¯à¤¾à¤à¤¨à¥ à¤¤à¥à¤®à¤à¥à¤¯à¤¾ à¤®à¥à¤¸à¥à¤  à¤²à¤¾ ð à¤à¤¶à¥ à¤ªà¥à¤°à¤¤à¤¿à¤à¥à¤°à¤¿à¤¯à¤¾ à¤¦à¤¿à¤²à¥,10
476,Aniket,reel,0
477,Aniket,reel,0
478,Aniket,reel,0
479,Prafull,"Proof de, rone ki video send kr",7
480,Harsh,"Bhai ise kehte h saccha dost , mere toh aakhon me aasu aagye ð¥ºð¥ºð¥º",14
481,Prafull,ð¤ð¤,1
482,Prafull,"@harsh_12022 rula diya na bichare ko, koi nahi kr send tera bhai krega react, bas party seperate dede",18
483,Om,reel,0
484,ððªð¨ððð£ð©,ð¥±,1
485,Harsh,Yaar ye toh bura hua ððð ab ignore kise karege ððð,11
486,ððªð¨ððð£ð©,Me nhi bhej rha abse ek bhi reel ... Maa chudao sab log,0
487,Harsh,Tujko toh sb ignore karte h na isliye mene socha Kmsekm me bheju ga toh dekh lege ðð,18
488,ððªð¨ððð£ð©,.,1
489,ððªð¨ððð£ð©,Bsdk ye reel mene bheji hai pehle,0
490,Harsh,ð,1
491,Harsh,reel,0
492,ððªð¨ððð£ð©,.,1
493,Harsh,reel,0
494,ððªð¨ððð£ð©,LMAO,1
495,ððªð¨ððð£ð©,reel,0
496,ððªð¨ððð£ð©,reel,0
497,Prafull,+1,1
498,ððªð¨ððð£ð©,Jitna hilana hai hilalo,4
499,ððªð¨ððð£ð©,Bhai 4 din baki hai esliye bhej rha,8
500,Prafull,Aaj tak nahi dikha tabse,5
501,Prafull,Mera dost bhi esihi reel bhejata tha nnn aane ke time pe phir usko chakke utha ke le gye...,0
502,ððªð¨ððð£ð©,reel,0
503,Prafull,Mla personal feel ka br hoteyð­ð­,6
504,Prafull,reel,0
505,Prafull,reel,0
506,Om,reel,0
507,Harsh,Noty hora ke ****,4
508,Prafull,ð,1
509,ððªð¨ððð£ð©,GooglePay,1
510,Prafull,*app,1
511,Prafull,Ewww ye konsa aap he,5
512,Prafull,Bsiwale,1
513,ððªð¨ððð£ð©,Ab ulta ghum ja,4
514,ððªð¨ððð£ð©,media,0
515,Prafull,Bc service girl wali feeling yeteyð,6
516,ððªð¨ððð£ð©,Okk ð¥¹,2
517,Prafull,Deal??,1
518,Prafull,Qr send krta,3
519,Prafull,Ek sec,2
520,ððªð¨ððð£ð©,Tu to narak me sadega,5
521,ððªð¨ððð£ð©,Bhosadi walo react to kro,5
522,ððªð¨ððð£ð©,reel,0
523,ððªð¨ððð£ð©,reel,0
524,ððªð¨ððð£ð©,reel,0
525,ððªð¨ððð£ð©,reel,0
526,ððªð¨ððð£ð©,reel,0
527,Harsh,reel,0
528,Prafull,Me too,2
529,Prafull,Notty horaâ ï¸,2
530,Harsh,Guys she/he is S.F.S. = Soulmate For Sushant,8
531,Harsh,reel,0
532,ððªð¨ððð£ð©,reel,0
533,Om,Aamba pilya sarkh hotya ð,5
534,ððªð¨ððð£ð©,sushant_patil_03 à¤¨à¥ à¤¸à¤®à¥à¤¹ à¤«à¥à¤à¥ à¤¬à¤¦à¤²à¤²à¤¾.,5
535,ððªð¨ððð£ð©,sushant_patil_03 à¤¨à¥ Bromance ð¥° à¤¸à¤®à¥à¤¹à¤¾à¤²à¤¾ à¤¨à¤¾à¤µ à¤¦à¤¿à¤²à¥.,7
536,Harsh,Bhai ye kya tha ð¤£,5
537,Harsh,reel,0
538,ððªð¨ððð£ð©,reel,0
539,ððªð¨ððð£ð©,reel,0
540,ððªð¨ððð£ð©,reel,0
541,ððªð¨ððð£ð©,Us mausi bhai us ððð»,5
542,Harsh,reel,0
543,Harsh,ð,1
544,Harsh,reel,0
545,ððªð¨ððð£ð©,ðð,1
546,Harsh,Pink ððð,2
547,ððªð¨ððð£ð©,What's the colour of the cat ?,7
548,ððªð¨ððð£ð©,reel,0
549,ððªð¨ððð£ð©,reel,0
550,Prafull,reel,0
551,Harsh,harsh_12022 à¤¯à¤¾à¤à¤¨à¥ à¤¤à¥à¤®à¤à¥à¤¯à¤¾ à¤®à¥à¤¸à¥à¤  à¤²à¤¾ ð à¤à¤¶à¥ à¤ªà¥à¤°à¤¤à¤¿à¤à¥à¤°à¤¿à¤¯à¤¾ à¤¦à¤¿à¤²à¥,10
552,Prafull,Done,1
553,Harsh,But shot me marunga ðð,5
554,Prafull,Pehele batting me krunga,4
555,Harsh,Ye kya baate horhi h,5
556,Harsh,reel,0
557,ððªð¨ððð£ð©,Grip strong nahi hai,4
558,Harsh,Left tu lele,3
559,Harsh,Chal catch karne chalte h,5
560,Prafull,Haa boht bounce ho rhu he ball,7
561,Harsh,Lagta hai Pitch pe swing jyada hai ð¤§,8
562,Prafull,ð«¡ð«¡ð«¡,1
563,ððªð¨ððð£ð©,reel,0
564,ððªð¨ððð£ð©,reel,0
565,Harsh,reel,0
566,Harsh,reel,0
567,Harsh,Ye kya bakchodi h ?;,5
568,Harsh,harsh_12022 à¤¯à¤¾à¤à¤¨à¥ à¤¤à¥à¤®à¤à¥à¤¯à¤¾ à¤®à¥à¤¸à¥à¤  à¤²à¤¾ ð à¤à¤¶à¥ à¤ªà¥à¤°à¤¤à¤¿à¤à¥à¤°à¤¿à¤¯à¤¾ à¤¦à¤¿à¤²à¥,10
569,ððªð¨ððð£ð©,Bacche teri maa ki chu,5
570,Om,reel,0
571,Om,om_sonawane_24_ à¤¯à¤¾à¤à¤¨à¥ à¤¤à¥à¤®à¤à¥à¤¯à¤¾ à¤®à¥à¤¸à¥à¤  à¤²à¤¾ ð à¤à¤¶à¥ à¤ªà¥à¤°à¤¤à¤¿à¤à¥à¤°à¤¿à¤¯à¤¾ à¤¦à¤¿à¤²à¥,10
572,Prafull,Hacker he bhai hacker,4
573,Om,reel,0
574,ððªð¨ððð£ð©,reel,0
575,Harsh,reel,0
576,Harsh,reel,0
577,Harsh,reel,0
578,Om,om_sonawane_24_ à¤¯à¤¾à¤à¤¨à¥ à¤®à¥à¤¸à¥à¤ à¤²à¤¾à¤à¤ à¤à¥à¤²à¤¾,5
579,Prafull,Majhya club cha intro hota me swataha jorat bolaleloððð aasa response bhetlela kaay sangu,14
580,Om,reel,0
581,Om,reel,0
582,Prafull,ððððð,1
583,Prafull,Sus,1
584,Harsh,reel,0
585,Aniket,Tula wadhvayche aahe ka aamyakade ek clinic aahe tithe wadhaun milatat,11
586,Aniket,Tuzya kadech thev tyala,4
587,ððªð¨ððð£ð©,Ohhh ððð,2
588,Prafull,Padhte baith ab...,3
589,Prafull,"Chatgpt : Transgender individuals often undergo hormone replacement therapy (HRT) as part of their gender transition. For trans women (assigned male at birth, transitioning to female), this may involve taking estrogen and anti-androgen medications. Over time, these hormones can lead to breast development, resulting in the growth of breast tissue and the development of ""boobies"" or breasts. Surgical options like breast augmentation are also available for those who desire more substantial changes. It's essential to approach this topic with respect and empathy for individuals going through the challenges of gender transition.",91
590,ððªð¨ððð£ð©,Ek doubt bhai ... Usko boobies kaise aaye,8
591,ððªð¨ððð£ð©,Fckk ððð,2
592,Harsh,ð¤£ð¤£ð¤£,1
593,Prafull,Salavar me talvar he bhaiðð,5
594,Prafull,Ek numbee reðð,3
595,ððªð¨ððð£ð©,Transformer bencho,2
596,Om,Gheun ja aniket,3
597,Om,om_sonawane_24_ à¤¯à¤¾à¤à¤¨à¥ à¤¤à¥à¤®à¤à¥à¤¯à¤¾ à¤®à¥à¤¸à¥à¤  à¤²à¤¾ ð à¤à¤¶à¥ à¤ªà¥à¤°à¤¤à¤¿à¤à¥à¤°à¤¿à¤¯à¤¾ à¤¦à¤¿à¤²à¥,10
598,ððªð¨ððð£ð©,ððððððð,1
599,Prafull,media,0
600,Prafull,Ye chalegi??,2
601,ððªð¨ððð£ð©,Ok boss,2
602,Aniket,Or tuze expectations se bhi aacha maza melega full maze with beauty,12
603,Aniket,UK me bohot maza hai,5
604,ððªð¨ððð£ð©,Udhar Jake kya musium dekhega ð??,6
605,ððªð¨ððð£ð©,Less goo,2
606,ððªð¨ððð£ð©,80% genuine girls rehti re ... Woh bhi hot ð¥µ,10
607,Aniket,Maze bhi or business bhi,5
608,Aniket,Because l am not interested in sex with Boy's,9
609,ððªð¨ððð£ð©,UK me Jake business krega kya lavde,7
610,ððªð¨ððð£ð©,Homies keliye kuch bhi â¤ï¸,5
611,Prafull,Sacrifice worrierð­,2
612,Aniket,Sushant Thailand ke jaga mere liye UK ki trip plan kar,11
613,ððªð¨ððð£ð©,ð¥¹ð¥¹,1
614,ððªð¨ððð£ð©,Ha tumhare liye krlunga,4
615,Prafull,Test pehele tu krega na,5
616,ððªð¨ððð£ð©,Hum genuine dhundenge ðð»ð¥°,4
617,Prafull,"Bruhh, pehele hi itne trust issues he au tu thailand ko le ke jara",14
618,Aniket,point to be noted guys,5
619,ððªð¨ððð£ð©,Guys 2026 me sabko Thailand leke jaunga promise ð¥¹ð¥¹ but ab mere liye Russian ka jugad kr do,18
620,Aniket,Mera koi business aache position me hoga to pakka dunga,10
621,Prafull,Aamhi cake aanto tu return gift de,7
622,ððªð¨ððð£ð©,I was expecting you all guys will combine the money and bring me a Russian to free me from my virginity as my birthday gift ... But you guys disappointed me ð,32
623,Harsh,Tere ð¤¯,2
624,Prafull,Looks like your problem,4
625,ððªð¨ððð£ð©,Rates badh Gaye hai bhailog ðð,6
626,Prafull,@sushant_patil_03 @_aniketyeole_ me kaay mhanto party ch jau dya aamla ek ek russian anun dya,15
627,Harsh,Bhai tu toh ese bula rha h jese tu hi waha ki main rand ho ððð¥°,16
628,Prafull,Isse best investment kha milegi bhai,6
629,ððªð¨ððð£ð©,sushant_patil_03 à¤¯à¤¾à¤à¤¨à¥ à¤¤à¥à¤®à¤à¥à¤¯à¤¾ à¤®à¥à¤¸à¥à¤  à¤²à¤¾ ð à¤à¤¶à¥ à¤ªà¥à¤°à¤¤à¤¿à¤à¥à¤°à¤¿à¤¯à¤¾ à¤¦à¤¿à¤²à¥,10
630,Harsh,Bhai usse acha 6000 ka karcha nhi karlu ð¤£,9
631,ððªð¨ððð£ð©,Budhwar peth aao kabhi ð¥°,5
632,Prafull,Russia??,1
633,Harsh,Vo me kahi aur jauga flight pakad ke,8
634,Prafull,*Cockblock,1
635,ððªð¨ððð£ð©,ðð,1
636,ððªð¨ððð£ð©,Nahi,1
637,Harsh,Bhai December ko koi plan h kya Mumbai ya kahi aur saath me Jane ka  ??,17
638,ððªð¨ððð£ð©,Maine tujhe bola tha flight pakadke aaja ... Ab tuhi nhi aaya to hum kya kre,16
639,Prafull,Lavde aa na fir ither,5
640,Harsh,ðð haa ye hi mera hilane aata tha,8
641,Harsh,"Aur saalo ghum liye na mujhe bhul kar , aao pachora ðª",12
642,ððªð¨ððð£ð©,Jhut bol rha hai bhadwa,5
643,Harsh,Hojayega bhai mera toh exams h pichli baar bhi complete hogya tha ð¤£ð¤£ð¤£ð¤£,13
644,Om,Ye baat,2
645,Prafull,"Bhai jitne distract hona he ho jao, next 7 dino ke liye, uske baad ONLY FOCUS",16
646,Aniket,Come on guys keep it up,6
647,Om,Kru,1
648,Om,Jorat jorat practice,3
649,Prafull,"Fckkkkkkkkkkk
Only a week remaining",4
650,Om,Full practice,2
651,Prafull,reel,0
652,Om,reel,0
653,Om,reel,0
654,Om,om_sonawane_24_ à¤¯à¤¾à¤à¤¨à¥ Aniket Yeole à¤¯à¤¾à¤à¤¨à¤¾ à¤¸à¤®à¥à¤¹à¤¾à¤¤ à¤à¥à¤¡à¤²à¥.,7
655,ððªð¨ððð£ð©,sushant_patil_03 à¤¯à¤¾à¤à¤¨à¥ à¤¤à¥à¤®à¤à¥à¤¯à¤¾ à¤®à¥à¤¸à¥à¤  à¤²à¤¾ ð® à¤à¤¶à¥ à¤ªà¥à¤°à¤¤à¤¿à¤à¥à¤°à¤¿à¤¯à¤¾ à¤¦à¤¿à¤²à¥,10
656,Prafull,reel,0
657,ððªð¨ððð£ð©,++-++-+++1,1
658,Harsh,+1,1
659,Prafull,media,0
660,Harsh,Yeh toh loop hogya ðð¤£,5
661,ððªð¨ððð£ð©,Aur mere Lund ka ek baal tu,7
662,Harsh,Aur praful ke Lund pe tu ð,7
663,ððªð¨ððð£ð©,Harsh ke dil me praful hai ðð,7
664,Om,reel,0
665,Om,reel,0
666,Harsh,harsh_12022 à¤¯à¤¾à¤à¤¨à¥ à¤¤à¥à¤®à¤à¥à¤¯à¤¾ à¤®à¥à¤¸à¥à¤  à¤²à¤¾ ð à¤à¤¶à¥ à¤ªà¥à¤°à¤¤à¤¿à¤à¥à¤°à¤¿à¤¯à¤¾ à¤¦à¤¿à¤²à¥,10
667,ððªð¨ððð£ð©,sushant_patil_03 à¤¯à¤¾à¤à¤¨à¥ à¤¤à¥à¤®à¤à¥à¤¯à¤¾ à¤®à¥à¤¸à¥à¤  à¤²à¤¾ ð à¤à¤¶à¥ à¤ªà¥à¤°à¤¤à¤¿à¤à¥à¤°à¤¿à¤¯à¤¾ à¤¦à¤¿à¤²à¥,10
668,ððªð¨ððð£ð©,Madarchod,1
669,Prafull,reel,0
670,Harsh,reel,0
671,Om,reel,0
672,Harsh,reel,0
673,Prafull,reel,0
674,Harsh,@om_sonawane_24_ sach bta Bhai tune hi Kiya h na ye sb ??,12
675,Harsh,Bhai aag lga dena paper me ðð,7
676,Om,Bhai udya paper ahe ð¥²,5
677,Om,media,0
678,Prafull,Congoo bhai @om_sonawane_24_,3
679,ððªð¨ððð£ð©,OMG congratulations Om for getting the degree ð¥³,8
680,Prafull,reel,0
681,ððªð¨ððð£ð©,Waa bhai maje ð¤£ð¤£,4
682,Om,media,0
683,Om,Jspm on fire boyz,4
684,Harsh,ð¤£ð¤£ð¤£ð¤£,1
685,ððªð¨ððð£ð©,sushant_patil_03 à¤¨à¥ à¤¸à¤®à¥à¤¹ à¤«à¥à¤à¥ à¤¬à¤¦à¤²à¤²à¤¾.,5
686,Prafull,+1,1
687,Prafull,"Mat yaad dila bhai, boht bakchodi ho gyi thi uss din...ðð",11
688,ððªð¨ððð£ð©,I want that woody hoodie right now ð¥° size : xs,11
689,Harsh,Bhai apna collection yaad h ??  @just_prafull @om_sonawane_24_,9
690,Om,reel,0
691,Om,reel,0
692,Om,reel,0
693,ððªð¨ððð£ð©,sushant_patil_03 à¤¯à¤¾à¤à¤¨à¥ à¤¤à¥à¤®à¤à¥à¤¯à¤¾ à¤®à¥à¤¸à¥à¤  à¤²à¤¾ ð à¤à¤¶à¥ à¤ªà¥à¤°à¤¤à¤¿à¤à¥à¤°à¤¿à¤¯à¤¾ à¤¦à¤¿à¤²à¥,10
694,Prafull,"""Sus"" shantðð",2
695,ððªð¨ððð£ð©,reel,0
696,ððªð¨ððð£ð©,reel,0
697,ððªð¨ððð£ð©,Twist at the end ð¤£ð¤£,5
698,Prafull,reel,0
699,Om,reel,0
700,ððªð¨ððð£ð©,sushant_patil_03 à¤¯à¤¾à¤à¤¨à¥ à¤¤à¥à¤®à¤à¥à¤¯à¤¾ à¤®à¥à¤¸à¥à¤  à¤²à¤¾ ð à¤à¤¶à¥ à¤ªà¥à¤°à¤¤à¤¿à¤à¥à¤°à¤¿à¤¯à¤¾ à¤¦à¤¿à¤²à¥,10
701,ððªð¨ððð£ð©,sushant_patil_03 à¤¯à¤¾à¤à¤¨à¥ à¤¤à¥à¤®à¤à¥à¤¯à¤¾ à¤®à¥à¤¸à¥à¤  à¤²à¤¾ ð® à¤à¤¶à¥ à¤ªà¥à¤°à¤¤à¤¿à¤à¥à¤°à¤¿à¤¯à¤¾ à¤¦à¤¿à¤²à¥,10
702,ððªð¨ððð£ð©,sushant_patil_03 à¤¯à¤¾à¤à¤¨à¥ à¤¤à¥à¤®à¤à¥à¤¯à¤¾ à¤®à¥à¤¸à¥à¤  à¤²à¤¾ ð¤£ à¤à¤¶à¥ à¤ªà¥à¤°à¤¤à¤¿à¤à¥à¤°à¤¿à¤¯à¤¾ à¤¦à¤¿à¤²à¥,10
703,ððªð¨ððð£ð©,sushant_patil_03 à¤¯à¤¾à¤à¤¨à¥ à¤¤à¥à¤®à¤à¥à¤¯à¤¾ à¤®à¥à¤¸à¥à¤  à¤²à¤¾ ð à¤à¤¶à¥ à¤ªà¥à¤°à¤¤à¤¿à¤à¥à¤°à¤¿à¤¯à¤¾ à¤¦à¤¿à¤²à¥,10
704,Prafull,reel,0
705,Prafull,reel,0
706,Prafull,reel,0
707,Prafull,reel,0
708,Prafull,reel,0
709,Om,reel,0
710,Prafull,reel,0
711,Prafull,reel,0
712,Om,reel,0
713,Harsh,reel,0
